{
  "id": "102019c28b845e7781b9a330a59b52a0260",
  "version": "102019c4d2105b27a8fb2db0b14b108ac04",
  "schema": {
    "name": "deck",
    "description": "Entity representing a collection of flashcards created by a user.",
    "fields": [
      {
        "name": "id",
        "description": "Unique identifier for the deck.",
        "type": 1,
        "compliance": {
          "confidentiality": 2,
          "reason": "Internal unique identifier"
        }
      },
      {
        "name": "data_creator",
        "description": "id of the user who creates the record",
        "type": 1,
        "compliance": {
          "confidentiality": 2,
          "reason": "Audit trail"
        }
      },
      {
        "name": "data_updater",
        "description": "id of the user who updates the record",
        "type": 1,
        "compliance": {
          "confidentiality": 2,
          "reason": "Audit trail"
        }
      },
      {
        "name": "create_time",
        "description": "create time in timestamp unix",
        "type": 1,
        "compliance": {
          "confidentiality": 2,
          "reason": "Audit trail"
        },
        "format": "timestamp"
      },
      {
        "name": "update_time",
        "description": "update time in timestamp unix",
        "type": 1,
        "compliance": {
          "confidentiality": 2,
          "reason": "Audit trail"
        },
        "format": "timestamp"
      },
      {
        "name": "user_id",
        "description": "ID of the user who owns the deck.",
        "type": 1,
        "compliance": {
          "confidentiality": 2,
          "reason": "Foreign key for user association"
        }
      },
      {
        "name": "name",
        "description": "Name or title of the flashcard deck.",
        "type": 1,
        "compliance": {
          "confidentiality": 3,
          "reason": "User generated content"
        }
      }
    ],
    "indexes": [
      {
        "fields": [
          "id"
        ],
        "unique": true,
        "primary": true,
        "order": false
      },
      {
        "fields": [
          "data_creator"
        ],
        "order": false
      },
      {
        "fields": [
          "data_updater"
        ],
        "order": false
      },
      {
        "fields": [
          "user_id"
        ],
        "order": false
      }
    ]
  },
  "task": {
    "id": "698c9395fc8bb950019c666a",
    "root": "698340fb857fd1e59aed4509",
    "project": "698340fb857fd1e59aed4508",
    "user": "989133f0-60a1-70de-afa3-55b59a039839"
  },
  "namespace": {
    "id": "01987547fc6c72ecb453bd2736bd4ea0",
    "tenant": 2,
    "name": "global-1",
    "default": true
  },
  "revision": 1
}