{
  "id": "102019c28b817867c4e9e7ef9619c200f8d",
  "version": "102019c28b817867b4c8151eb662fdaf058",
  "schema": {
    "name": "flashcard",
    "description": "Entity representing an individual flashcard within a deck.",
    "fields": [
      {
        "name": "id",
        "description": "Unique identifier for the flashcard.",
        "type": 1,
        "compliance": {
          "confidentiality": 2,
          "reason": "Internal unique identifier"
        }
      },
      {
        "name": "data_creator",
        "description": "id of the user who creates the record",
        "type": 1,
        "compliance": {
          "confidentiality": 2,
          "reason": "Audit trail"
        }
      },
      {
        "name": "data_updater",
        "description": "id of the user who updates the record",
        "type": 1,
        "compliance": {
          "confidentiality": 2,
          "reason": "Audit trail"
        }
      },
      {
        "name": "create_time",
        "description": "create time in timestamp unix",
        "type": 1,
        "compliance": {
          "confidentiality": 2,
          "reason": "Audit trail"
        },
        "format": "timestamp"
      },
      {
        "name": "update_time",
        "description": "update time in timestamp unix",
        "type": 1,
        "compliance": {
          "confidentiality": 2,
          "reason": "Audit trail"
        },
        "format": "timestamp"
      },
      {
        "name": "deck_id",
        "description": "ID of the deck this flashcard belongs to.",
        "type": 1,
        "compliance": {
          "confidentiality": 2,
          "reason": "Foreign key for deck association"
        }
      },
      {
        "name": "question",
        "description": "The question text of the flashcard.",
        "type": 1,
        "compliance": {
          "confidentiality": 3,
          "reason": "User generated content"
        }
      },
      {
        "name": "answer",
        "description": "The answer text of the flashcard.",
        "type": 1,
        "compliance": {
          "confidentiality": 3,
          "reason": "User generated content"
        }
      },
      {
        "name": "position",
        "description": "The position or order of the card in the deck.",
        "type": 2,
        "compliance": {
          "confidentiality": 1,
          "reason": "Sorting mechanism"
        },
        "numeric": "int"
      }
    ],
    "indexes": [
      {
        "fields": [
          "id"
        ],
        "unique": true,
        "primary": true,
        "order": false
      },
      {
        "fields": [
          "data_creator"
        ],
        "order": false
      },
      {
        "fields": [
          "data_updater"
        ],
        "order": false
      },
      {
        "fields": [
          "deck_id"
        ],
        "order": false
      },
      {
        "fields": [
          "deck_id",
          "position"
        ],
        "order": true
      }
    ],
    "relations": [
      {
        "referencing_fields": [
          "deck_id"
        ],
        "referenced_entity": {
          "name": "deck"
        },
        "referenced_fields": [
          "id"
        ],
        "cascade": true
      }
    ]
  },
  "task": {
    "id": "698340fb857fd1e59aed4509",
    "root": "698340fb857fd1e59aed4509",
    "project": "698340fb857fd1e59aed4508",
    "user": "989133f0-60a1-70de-afa3-55b59a039839"
  },
  "namespace": {
    "id": "01987547fc6c72ecb453bd2736bd4ea0",
    "tenant": 2,
    "name": "global-1",
    "default": true
  },
  "revision": 1
}